{"batch_size": 10, "lr": 0.04190193385493579, "gamma": 0.8366095044158731, "weight_decay": 7.511238619442232e-05}
